{"has_child":1,"home_url":"https:\/\/grapes.softsys.ca","child_file":{"grapes.softsys.ca_wpvivid-624a22dac7528_2022-04-03-16-42_backup_plugin.zip":{"file_type":"plugin","plugin":{"salon-booking-system":{"slug":"salon-booking-system","size":44177547},"ultimate-faqs":{"slug":"ultimate-faqs","size":7551594}},"root_flag":"wp-content","file":"grapes.softsys.ca_wpvivid-624a22dac7528_2022-04-03-16-42_backup_plugin.zip","php_version":"7.4.28","mysql_version":"5.5.5"},"grapes.softsys.ca_wpvivid-624a22dac7528_2022-04-03-16-42_backup_core.zip":{"include_path":["wp-includes","wp-admin"],"wp_core":1,"home_url":"https:\/\/grapes.softsys.ca","file_type":"wp-core","root_flag":"root","file":"grapes.softsys.ca_wpvivid-624a22dac7528_2022-04-03-16-42_backup_core.zip","php_version":"7.4.28","mysql_version":"5.5.5"},"grapes.softsys.ca_wpvivid-624a22dac7528_2022-04-03-16-42_backup_themes.zip":{"file_type":"themes","themes":{"astra":{"slug":"astra","size":22005289}},"root_flag":"wp-content","file":"grapes.softsys.ca_wpvivid-624a22dac7528_2022-04-03-16-42_backup_themes.zip","php_version":"7.4.28","mysql_version":"5.5.5"},"grapes.softsys.ca_wpvivid-624a22dac7528_2022-04-03-16-42_backup_db.zip":{"dump_db":1,"home_url":"https:\/\/grapes.softsys.ca","file_type":"databases","root_flag":"custom","file":"grapes.softsys.ca_wpvivid-624a22dac7528_2022-04-03-16-42_backup_db.zip","php_version":"7.4.28","mysql_version":"5.5.5"},"grapes.softsys.ca_wpvivid-624a22dac7528_2022-04-03-16-42_backup_uploads.zip":{"file_type":"upload","root_flag":"wp-content","file":"grapes.softsys.ca_wpvivid-624a22dac7528_2022-04-03-16-42_backup_uploads.zip","php_version":"7.4.28","mysql_version":"5.5.5"},"grapes.softsys.ca_wpvivid-624a22dac7528_2022-04-03-16-42_backup_content.zip":{"file_type":"wp-content","root_flag":"root","file":"grapes.softsys.ca_wpvivid-624a22dac7528_2022-04-03-16-42_backup_content.zip","php_version":"7.4.28","mysql_version":"5.5.5"}},"root_flag":"custom","file":"grapes.softsys.ca_wpvivid-624a22dac7528_2022-04-03-16-42_backup_all.zip","php_version":"7.4.28","mysql_version":"5.5.5"}